{"x":340,"y":504.359375,"width":760,"height":422.15625}